book_id,chap_id,PC0,PC1,PC2,PC3,PC4,PC5,PC6,PC7,PC8,PC9,author,title,doc
144,1,-0.5261190204513658,-0.08628463144980289,0.13277733393451763,-0.18775382721111633,0.022715960728652406,0.019848298384882078,0.10319739456914959,0.12471187582893913,0.09610270163011171,-0.10137544613296602,"VIRGINIA, WOOLF",THE VOYAGE OUT,THE VOYAGE OUT
144,2,-0.4941404325597097,-0.13490768343380005,0.1777766146092362,-0.08782129176322614,-0.0015314472551320683,0.016481522035163437,0.13735998196858484,0.21154888250156406,0.11228755238231179,-0.12422974993332954,"VIRGINIA, WOOLF",THE VOYAGE OUT,THE VOYAGE OUT
144,3,-0.5239283578701028,-0.07107041265018443,0.05358020862659257,-0.012660898250721189,-0.03779890557116328,-0.008701347156462879,0.05969701722081877,0.30138460934395084,0.11145702483831016,-0.12254316705949367,"VIRGINIA, WOOLF",THE VOYAGE OUT,THE VOYAGE OUT
144,4,-0.5691774995060133,-0.11270041471491818,0.13069467613098712,0.02893479505872237,-0.04102242431483964,0.06594239699199228,0.09644193771648571,0.13022086142360337,0.03137654688736233,-0.07296752255810868,"VIRGINIA, WOOLF",THE VOYAGE OUT,THE VOYAGE OUT
144,5,-0.37862583991718474,-0.07223280530407775,0.11780323297853906,-0.12728650242352588,0.0315826008801767,-0.08416127752511582,0.05731428532204744,0.1884829665483061,0.07417533068435321,-0.13227397755566056,"VIRGINIA, WOOLF",THE VOYAGE OUT,THE VOYAGE OUT
144,6,-0.444249890417819,-0.14143702579131331,0.18193128711000914,0.0688310706050247,-0.04613735222780335,0.11960065387723758,0.10480534467899963,0.14598694699876824,0.045365952095505244,-0.04402535364532201,"VIRGINIA, WOOLF",THE VOYAGE OUT,THE VOYAGE OUT
144,7,-0.43117811329871625,-0.06934190086834587,0.1626465758862195,-0.2928239498316191,0.08046896329617065,0.09257106915221999,0.17917267465484654,0.16403950927159625,-0.03925302873464997,-0.13830958169733187,"VIRGINIA, WOOLF",THE VOYAGE OUT,THE VOYAGE OUT
144,8,-0.4886112604744288,0.016749985311516235,0.05363114603391713,-0.16206635044378406,-0.09659023449121902,-0.021625261947370775,0.06364969768514944,0.01024400183514076,0.16093057186841594,-0.02834421996359737,"VIRGINIA, WOOLF",THE VOYAGE OUT,THE VOYAGE OUT
144,9,-0.6024828436575189,-0.08296754188977674,0.09360093978039052,-0.10024905820234155,-0.029568117383211162,-0.008839884034297908,0.04592917784014133,0.1257343369382269,0.10872632090607341,-0.10342102724330646,"VIRGINIA, WOOLF",THE VOYAGE OUT,THE VOYAGE OUT
144,10,-0.5217488494048,-0.0999843613289993,0.20643578925162298,-0.13128966539238093,-0.04280916753141152,0.022546520553357034,0.16931803406333065,0.002137153522173878,0.02653999361813057,-0.008161260946366107,"VIRGINIA, WOOLF",THE VOYAGE OUT,THE VOYAGE OUT
144,11,-0.545074208467383,-0.11988555429065734,0.13675225681690345,-0.03497126517084613,0.046192998720954594,0.11151842978380154,0.12420563477043756,0.1301630038327289,-0.06397339637697645,-0.02077301858426228,"VIRGINIA, WOOLF",THE VOYAGE OUT,THE VOYAGE OUT
144,12,-0.5464108814234918,-0.05916577108280154,0.028934590999898813,0.04377684258039892,-0.006200849860367718,-0.15030873337942463,0.3211786458128041,0.15186335864215836,0.06330899818059081,0.014237494946898518,"VIRGINIA, WOOLF",THE VOYAGE OUT,THE VOYAGE OUT
144,13,-0.4017898188764457,-0.12359496390063675,0.18251822284327202,-0.1316059303733626,0.048569102034897255,0.05457514370979305,0.16637569500578936,0.02682007286697652,-0.08554929590381478,0.013393943855951503,"VIRGINIA, WOOLF",THE VOYAGE OUT,THE VOYAGE OUT
144,14,-0.6362914958219019,-0.07853202152744392,0.07407645818026998,0.046463856442764004,-0.01005028989820582,-0.03407325254453378,0.053980879794150984,0.19410309359833205,0.015734492480435756,0.03614097427253803,"VIRGINIA, WOOLF",THE VOYAGE OUT,THE VOYAGE OUT
144,15,-0.562622772044711,-0.10857820795437921,0.1346267936064534,-0.00567872289932149,-0.08898103792876634,-0.042437807864646286,0.09638514953777116,0.18959457929668316,-0.002555624794221021,-0.053230381258982024,"VIRGINIA, WOOLF",THE VOYAGE OUT,THE VOYAGE OUT
144,16,-0.5547101747328921,-0.11313570947565688,0.17416218721676152,-0.02508019904586329,-0.015672356046901197,0.11129680250891788,0.12511946809797503,0.17249668178022937,0.04291860473887446,-0.05108304322516455,"VIRGINIA, WOOLF",THE VOYAGE OUT,THE VOYAGE OUT
144,17,-0.5808905081688349,-0.12275801242209616,0.1714135550559082,-0.018284393369691135,-0.02715711512992889,-0.06813980263937774,0.05416665871691662,0.05683832160208193,0.0018430595719405307,-0.07444936367078268,"VIRGINIA, WOOLF",THE VOYAGE OUT,THE VOYAGE OUT
144,18,-0.34786164936578756,-0.11422129931310587,0.16771699975852214,0.030355503107878358,-0.07571047949686364,0.035257670494938734,-0.07959730444773987,0.21027651516804385,-0.04276770040622752,-0.11877015651870675,"VIRGINIA, WOOLF",THE VOYAGE OUT,THE VOYAGE OUT
144,19,-0.6023100100332215,-0.10650863485299433,0.15743082857184373,0.03441912816300328,-0.1068492636943312,-0.10289037447948532,0.013263096960685013,0.09549189785565883,0.016638170235962466,-0.03727810092999784,"VIRGINIA, WOOLF",THE VOYAGE OUT,THE VOYAGE OUT
144,20,-0.37431242780755614,-0.09153646983164189,0.1749083822383534,-0.2811567589970166,0.03939748721487549,0.017008765072883285,0.10697094773361006,0.08781042285127036,-0.24269091217429967,-0.0612124510635508,"VIRGINIA, WOOLF",THE VOYAGE OUT,THE VOYAGE OUT
144,21,-0.4542305147235059,-0.1195757880993816,0.19260887952658387,-0.16509805006299147,0.024258078457498874,-0.03176805156590461,0.09471896123412246,0.07666382467083926,-0.2295220129993671,-0.03395540052232502,"VIRGINIA, WOOLF",THE VOYAGE OUT,THE VOYAGE OUT
144,22,-0.5566651988053706,-0.14453959420511517,0.22488080707727462,-0.042496540476150445,-0.046945305254845165,0.021013219596271743,0.05389009702720996,0.12430157868029891,-0.0047252630531075205,-0.06407764344065413,"VIRGINIA, WOOLF",THE VOYAGE OUT,THE VOYAGE OUT
144,23,-0.469646249998978,-0.11386316947712428,0.172798846691532,0.10581826064567444,-0.14376228177269076,-0.0200042402873172,-0.047544433662434785,0.1783296127877462,-0.03267918712624554,-0.05726052947786066,"VIRGINIA, WOOLF",THE VOYAGE OUT,THE VOYAGE OUT
144,24,-0.5498201365703653,-0.09130657086970626,0.11226114406219351,0.05589321261407431,-0.02032847863241985,-0.05795744324062143,0.03595265659239717,0.19577467344495647,0.002514789395259026,-0.09373797569623132,"VIRGINIA, WOOLF",THE VOYAGE OUT,THE VOYAGE OUT
144,25,-0.5335620506038607,-0.09922187841073678,0.15999206366982122,-0.052486267142965656,0.05721681485454098,-0.09763608691722785,-0.2578691159021901,0.12205941495149196,-0.0499937683387422,-0.057994630987012054,"VIRGINIA, WOOLF",THE VOYAGE OUT,THE VOYAGE OUT
144,26,-0.5325100398669962,-0.12472141475207818,0.1582230338438534,0.011780049194656625,-0.002504627250465466,-0.025706606971687897,-0.06717535764740305,0.13792507181008826,-0.0653519853620905,-0.07402313427145463,"VIRGINIA, WOOLF",THE VOYAGE OUT,THE VOYAGE OUT
144,27,-0.39495693189131925,-0.05675020316740241,0.10849306944144851,-0.16106431393838758,0.1336323786246247,-0.08852684519037868,0.06755875474897684,-0.008260291446954211,-0.05364482550318124,-0.07495307555395926,"VIRGINIA, WOOLF",THE VOYAGE OUT,THE VOYAGE OUT
805,1,-0.5600275216127928,0.004376378280255477,-0.17057431143584537,0.19257958096330033,0.13004245998084413,0.1890245631986799,0.1447972785333728,-0.1312051891372129,0.055870621789255275,-0.03629371274130066,"F.SCOTT, FITZGERALD",THIS SIDE OF PARADISE,THIS SIDE OF PARADISE
805,2,-0.4747691084881944,0.01289584156498877,-0.17413839035178005,0.15534380018523286,0.10021159399408233,0.07627391179080859,0.09754107778465926,-0.17259489112584675,0.04659683052373563,-0.07460262046830679,"F.SCOTT, FITZGERALD",THIS SIDE OF PARADISE,THIS SIDE OF PARADISE
805,3,-0.6357469768498974,0.05856220740999617,-0.25819344223256735,0.1044801170416781,0.0779473465460932,-0.016875728733056705,0.11053000374321373,-0.10663922244400555,-0.0579203927000312,-0.11841462498238309,"F.SCOTT, FITZGERALD",THIS SIDE OF PARADISE,THIS SIDE OF PARADISE
805,4,-0.6413239135504412,0.0405401774199726,-0.16960296554974102,0.08556366517726227,0.00662598740928916,-0.025988487374559235,0.020735005223777123,-0.15217270604268923,-0.10311262257707508,-0.07471799515901426,"F.SCOTT, FITZGERALD",THIS SIDE OF PARADISE,THIS SIDE OF PARADISE
805,5,-0.6380319408868164,-0.030846990632585045,-0.0950223706675393,0.17895315198776868,0.02892898040107563,0.09683316817050132,0.03301042075786492,-0.10794264136176888,-0.08048474367153423,-0.10368487233924728,"F.SCOTT, FITZGERALD",THIS SIDE OF PARADISE,THIS SIDE OF PARADISE
805,6,-0.537890002865555,0.02281305470287705,-0.21489808384166514,0.2230554650307428,-0.0502190721033484,0.01655010315864019,0.20722083761201643,0.11136521679564909,-0.04320778444449714,0.11662001443894365,"F.SCOTT, FITZGERALD",THIS SIDE OF PARADISE,THIS SIDE OF PARADISE
805,7,-0.4323413836286766,0.025149167028527705,-0.1345699012304846,0.15527127717626987,-0.03371153518378017,0.015277567203669656,-0.0537480902960817,0.07795601306685959,-0.21086075497644408,0.0822872924994415,"F.SCOTT, FITZGERALD",THIS SIDE OF PARADISE,THIS SIDE OF PARADISE
805,8,-0.5856279059707789,0.05741671908339469,-0.1529758199645758,0.17342178117552595,-0.15640613592256963,-0.002705597809581862,0.056709430877579736,-0.09158028066412396,-0.0259892845394799,-0.09250015096032611,"F.SCOTT, FITZGERALD",THIS SIDE OF PARADISE,THIS SIDE OF PARADISE
805,9,-0.4950510550346167,-0.015162534797928442,-0.03441872663570852,-0.15002893314322593,0.19859603111392451,0.015765970521802876,0.027519671326530316,-0.10717833341749294,-0.19178382429409335,-0.007237722503106281,"F.SCOTT, FITZGERALD",THIS SIDE OF PARADISE,THIS SIDE OF PARADISE
805,10,-0.4821287195708024,0.03220128402679924,-0.14368271662238408,0.004476979200406132,-0.06943134243438559,-0.047458543625471535,-0.0533196962842888,-0.08230253641009724,-0.07346469125915538,-0.07953949464994839,"F.SCOTT, FITZGERALD",THIS SIDE OF PARADISE,THIS SIDE OF PARADISE
805,11,-0.5898344285099526,-0.03428449800995917,-0.0745690695365627,0.1035186340992866,0.05763473247293688,0.10722041302194879,-0.0052625629043815195,-0.11028637903921223,-0.14087501439596556,-0.18271854441013735,"F.SCOTT, FITZGERALD",THIS SIDE OF PARADISE,THIS SIDE OF PARADISE
1245,1,-0.5163950859168636,-0.14156690650567058,0.17439642898582128,0.10175262485361147,-0.04288237541334231,-0.008030714673467245,0.04808847123663859,-0.05475542045200318,0.1217589060189562,0.07045406209000525,"VIRGINIA, WOOLF",NIGHT AND DAY,NIGHT AND DAY
1245,2,-0.49268849687034133,-0.14178219755336807,0.15169798070444906,0.16374425218454944,-0.06610521387662537,0.027833212950007423,-0.07486638686534616,-0.07440880191643648,-0.0019030959384642022,0.03664565217865904,"VIRGINIA, WOOLF",NIGHT AND DAY,NIGHT AND DAY
1245,3,-0.4417540478544139,-0.15712468009061598,0.19823084452254106,0.17026210465074657,-0.03391451550151302,0.13123377555471286,0.029129915537983393,-0.03680895328311691,0.1665107311337527,0.03325618340241005,"VIRGINIA, WOOLF",NIGHT AND DAY,NIGHT AND DAY
1245,4,-0.5368345779380456,-0.13682986072186762,0.18368516309711716,0.15254748088887712,-0.06656151919092533,-0.0303651643674663,-0.027241426525979523,-0.04170539152084127,-0.00757647595344506,-0.029689561920866706,"VIRGINIA, WOOLF",NIGHT AND DAY,NIGHT AND DAY
1245,5,-0.5190352297500546,-0.10466488793750364,0.14411039970834424,-0.001096323586512649,-0.08704214692103421,-0.09810883635077318,0.01658167475632895,-0.13770959939164384,-0.004478981739482045,0.09373715838072143,"VIRGINIA, WOOLF",NIGHT AND DAY,NIGHT AND DAY
1245,6,-0.556315836917285,-0.1148584319727925,0.18373020657490988,0.061586580768594454,-0.15458326239125614,-0.01691082664003563,-0.10328115205565924,-0.12941156472805915,-0.016315025909857683,-0.0010200758234357957,"VIRGINIA, WOOLF",NIGHT AND DAY,NIGHT AND DAY
1245,7,-0.4418872359521441,-0.1104027743590745,0.1287064550518478,0.15499238417811761,-0.04827296729807125,0.1554086290494037,0.02545298517696938,0.005582610387053801,0.17061587010626128,0.16923032922004247,"VIRGINIA, WOOLF",NIGHT AND DAY,NIGHT AND DAY
1245,8,-0.4327457612084584,-0.158463226257,0.20791525601906008,0.123355620318125,-0.04420380862954995,0.16239819902743036,-0.009395262255475854,-0.0404536271387665,0.14726463214029747,0.128137751116728,"VIRGINIA, WOOLF",NIGHT AND DAY,NIGHT AND DAY
1245,9,-0.46959173932322207,-0.11527499557828322,0.11953360438235093,0.059494897936867866,-0.02156892355881074,0.12799578507617815,-0.00482518641221412,0.03788706337484529,0.2131329578158284,0.0707482603210822,"VIRGINIA, WOOLF",NIGHT AND DAY,NIGHT AND DAY
1245,10,-0.448736870237714,-0.1530043718637285,0.19728671460708655,0.21902034502489107,-0.08477453142566849,0.09900455790845906,-0.09770981202142437,-0.1381760387652133,-0.08595836143493592,-0.06284475505389098,"VIRGINIA, WOOLF",NIGHT AND DAY,NIGHT AND DAY
1245,11,-0.4637262532210661,-0.15485955089259443,0.22754221413465694,0.11810689434727552,-0.07765259135483606,0.010819331365219054,-0.012808974416895323,-0.014640894662820574,-0.04210648779215892,0.04678820673512003,"VIRGINIA, WOOLF",NIGHT AND DAY,NIGHT AND DAY
1245,12,-0.5145307168981179,-0.02672161338061231,0.3311872210188034,0.14772085390241085,0.03041824537271182,0.05072790001925433,-0.04950708236629563,-0.030470589426960678,-0.0019926908313073304,0.03470310527060887,"VIRGINIA, WOOLF",NIGHT AND DAY,NIGHT AND DAY
1245,13,-0.3707781813745362,-0.04394862701867339,0.10047847929686075,0.010273299713310261,-0.113482823545458,0.017587471819763504,-0.07094623760965157,0.028195912724116704,-0.0039799042291569706,0.05044157782277879,"VIRGINIA, WOOLF",NIGHT AND DAY,NIGHT AND DAY
1245,14,-0.4942247548361534,-0.12518384163847687,0.20925036774575367,0.04772716535875622,-0.1427449800571042,-0.04331953580678468,-0.011225198887347632,-0.06077716229172866,0.030252791753160698,-0.0032452634288069847,"VIRGINIA, WOOLF",NIGHT AND DAY,NIGHT AND DAY
1245,15,-0.514484801485611,-0.11129516043004749,0.12145057909826891,-0.07770073509222221,0.046468179036010214,0.10710266484979371,-0.03378289534553475,-0.0692547660752606,0.00533590431068307,0.011190917447791502,"VIRGINIA, WOOLF",NIGHT AND DAY,NIGHT AND DAY
1245,16,-0.42658360401379164,-0.1450850871208545,0.17246388019473427,0.09641071099671654,-0.016507310077203095,-0.03015981738055921,0.022054696461797856,0.0013901422414855005,-0.09498670318124294,0.053680447451062804,"VIRGINIA, WOOLF",NIGHT AND DAY,NIGHT AND DAY
1245,17,-0.4186471100967365,-0.11723854851930107,0.14053170035356544,0.09898223155121529,-0.01623746794001649,0.13493178867773856,0.029114354665864733,0.04708643738778673,0.17516774644752342,0.00022248182311168652,"VIRGINIA, WOOLF",NIGHT AND DAY,NIGHT AND DAY
1245,18,-0.5951997744279437,-0.13112532362619855,0.24139494391654037,0.04193269105519899,-0.11408231094586775,0.00885347979718199,-0.03765259348251094,-0.0792527315170265,-0.12114922883515372,-0.03194118962974394,"VIRGINIA, WOOLF",NIGHT AND DAY,NIGHT AND DAY
1245,19,-0.3943261821709726,-0.13426260983599178,0.20885564070402893,0.1289143044398657,-0.09593686507556223,-0.01425516392898872,-0.1170403803312223,-0.02416785082826366,-0.21895128595040347,0.03303791194261779,"VIRGINIA, WOOLF",NIGHT AND DAY,NIGHT AND DAY
1245,20,-0.47534870466373613,-0.12838732315986967,0.22565410480918255,0.09815092378404593,-0.15781183161865425,-0.0068683603717214735,-0.09132633217944307,-0.14808411562312085,-0.049564494789553035,-0.025074144887146217,"VIRGINIA, WOOLF",NIGHT AND DAY,NIGHT AND DAY
1245,21,-0.46118733907132414,-0.14524307684903726,0.21331542310136312,0.19239239348370177,-0.12486631656226674,-0.09419858433920422,-0.08648551678539222,-0.09391991923591284,-0.20631031420698873,0.04271301727613969,"VIRGINIA, WOOLF",NIGHT AND DAY,NIGHT AND DAY
1245,22,-0.44592709999743635,-0.181155242782592,0.2547567366401864,0.23735649637108275,-0.13772130765907437,-0.014368719082240952,-0.04623860086248553,-0.10321518221907519,-0.11467657306477672,0.07038776057194594,"VIRGINIA, WOOLF",NIGHT AND DAY,NIGHT AND DAY
1245,23,-0.4342021879286941,-0.15971236602848413,0.24119808173677376,0.05035334745015689,-0.11144244962775263,-0.06797110375171539,-0.05762258281671647,-0.16913411923753163,-0.18858650810656905,0.040608911475936024,"VIRGINIA, WOOLF",NIGHT AND DAY,NIGHT AND DAY
1245,24,-0.5555540029591945,-0.16317203402803884,0.2302604217294506,0.1446973528702698,-0.09936307564267811,-0.004630922837814209,-0.08942922562997382,-0.05114282772814765,0.06934662155793353,0.086595686485166,"VIRGINIA, WOOLF",NIGHT AND DAY,NIGHT AND DAY
1245,25,-0.4467347478291103,-0.1661113628326231,0.23800408569017473,0.03776811945682699,-0.053325443891796345,0.004362773537194593,-0.01297614137019834,-0.06446226607953964,-0.16603829501516057,0.0011768623496862343,"VIRGINIA, WOOLF",NIGHT AND DAY,NIGHT AND DAY
1245,26,-0.5934580504091933,-0.13674885144113197,0.14859075308107283,0.1139608066364052,-0.10699769072099305,-0.08101219417693101,-0.025752239499235108,-0.10242288112203193,0.010791471815057548,0.01993839775243808,"VIRGINIA, WOOLF",NIGHT AND DAY,NIGHT AND DAY
1245,27,-0.5190565588944733,-0.1501076721101197,0.19045983770656044,0.08469022131549273,-0.05427473435742071,-0.006835199615781804,-0.014099942801610518,-0.03261662913173167,-0.010717764531010997,-0.022476174957330272,"VIRGINIA, WOOLF",NIGHT AND DAY,NIGHT AND DAY
1245,28,-0.5078177274047441,-0.1670370651386893,0.2450506360750892,0.05369242612592112,-0.060867893848113766,-0.09454908057988494,-0.1420561159010233,-0.11890925676182526,-0.18071454574397708,0.06563410685667381,"VIRGINIA, WOOLF",NIGHT AND DAY,NIGHT AND DAY
1245,29,-0.4570943355722743,-0.1299989192396043,0.15088131402008365,0.12788596756310772,-0.08783135684611657,-0.041844268045659126,-0.06281648245130243,0.07743864479675874,-0.13334159321869876,0.13707107483383985,"VIRGINIA, WOOLF",NIGHT AND DAY,NIGHT AND DAY
1245,30,-0.46838386096329004,-0.11023609770449386,0.16915473755298485,0.02406396893792525,-0.06388824183911995,-0.07720449208965258,-0.06736559157536441,-0.13268489814106,-0.06741431219875843,0.24404386139066298,"VIRGINIA, WOOLF",NIGHT AND DAY,NIGHT AND DAY
1245,31,-0.5344343208756371,-0.13220450806057132,0.19976428110384603,0.09744501054942536,-0.15637921237288308,-0.07675857584986683,-0.13930013409843492,-0.18166936596232486,-0.021042960063586715,0.05359701870810505,"VIRGINIA, WOOLF",NIGHT AND DAY,NIGHT AND DAY
1245,32,-0.5557784079901763,-0.19517451663391652,0.2491891729672911,0.16265287278766807,-0.04453639793336826,0.04241846577522757,-0.024214493077718387,-0.038147169645877166,-0.05777965147953087,0.04844613423732861,"VIRGINIA, WOOLF",NIGHT AND DAY,NIGHT AND DAY
1245,33,-0.5797009610592179,-0.1708671753682514,0.25452859749224094,0.12453846205441073,-0.09567192442143976,-0.018125438559897733,-0.030605008794920487,-0.00907397807650303,0.018271854598523596,0.08670247500565224,"VIRGINIA, WOOLF",NIGHT AND DAY,NIGHT AND DAY
1245,34,-0.40801273199396004,-0.10666133645752887,0.17443688213683964,-0.14548343830566607,-0.013062333857283163,-0.10608961441940892,0.008541324604617935,-0.2076395858997469,-0.03882890715958191,0.07667670696894234,"VIRGINIA, WOOLF",NIGHT AND DAY,NIGHT AND DAY
4368,1,-0.2999482527436541,0.002337884115565952,-0.1365366879973309,0.016933512756251507,0.17548908094486004,0.017794425198477314,-0.07093318841143305,0.10434949239882728,-0.1373527580333324,0.07694708970114628,"F.SCOTT, FITZGERALD",FLAPPERS AND PHILOSOPHERS,FLAPPERS AND PHILOSOPHERS
4368,2,-0.2262995364089852,-0.006046971495914103,-0.07487187892889817,-0.0766983518937066,0.07529312403413595,-0.02858797771542658,0.06745434510888823,0.08485104617471909,-0.0950140469430227,-0.19366951958140147,"F.SCOTT, FITZGERALD",FLAPPERS AND PHILOSOPHERS,FLAPPERS AND PHILOSOPHERS
4368,3,-0.37234095101979375,-0.03808829099729304,-0.05814600728170681,0.03316874191800282,0.10515870721015788,-0.0032344974816301154,0.13737724945681748,0.020990521326058366,-0.1116458829425221,-0.14387443417874166,"F.SCOTT, FITZGERALD",FLAPPERS AND PHILOSOPHERS,FLAPPERS AND PHILOSOPHERS
4368,4,-0.35075476037923115,0.018498854351570806,-0.11567985673043178,-0.019340863709490518,0.08411230465902188,-0.0024917951899843726,0.0860524210930231,0.1106662080675883,-0.20936668240881684,-0.11326395371416749,"F.SCOTT, FITZGERALD",FLAPPERS AND PHILOSOPHERS,FLAPPERS AND PHILOSOPHERS
4368,5,-0.2462217784525741,-0.034128906300155484,-0.010439273534658736,-0.02670468136257047,0.14164569263070376,-0.08826011987376599,-0.027142262682633513,0.02326052610813526,-0.1303344246601176,-0.06130266377638202,"F.SCOTT, FITZGERALD",FLAPPERS AND PHILOSOPHERS,FLAPPERS AND PHILOSOPHERS
4368,6,-0.4285974184918557,-0.0032021903846456918,-0.08839473928286054,-0.057117120151581054,0.135997742898512,-0.04481654060852229,0.16646291232030383,0.06114947075604481,-0.24346284261398254,-0.07422362231382315,"F.SCOTT, FITZGERALD",FLAPPERS AND PHILOSOPHERS,FLAPPERS AND PHILOSOPHERS
4368,7,-0.40634813380804224,0.03579570447847617,-0.14191153687277813,-0.20358190462176917,-0.0031525888083342637,0.02465960794366109,-0.12194260719154536,0.012246822325453138,-0.10273015255399678,-0.07216489690026492,"F.SCOTT, FITZGERALD",FLAPPERS AND PHILOSOPHERS,FLAPPERS AND PHILOSOPHERS
4368,8,-0.32375364941269225,0.0020689426384371684,-0.07775846275379791,-0.08265847729989574,0.10381924093232944,-0.007388637488612183,0.028328460321897602,-0.01806995665403801,-0.016918565940067215,0.05187491895135016,"F.SCOTT, FITZGERALD",FLAPPERS AND PHILOSOPHERS,FLAPPERS AND PHILOSOPHERS
4368,9,-0.42793580137073367,0.025235560260685408,-0.1528268153492286,0.06218998336644614,0.06538892713345908,0.06903103572683778,0.0814315586770479,0.06920344014917214,0.07731308613967566,0.054617946807375736,"F.SCOTT, FITZGERALD",FLAPPERS AND PHILOSOPHERS,FLAPPERS AND PHILOSOPHERS
4368,10,-0.3378386269846255,0.020181632991113935,-0.13513792781891248,0.06710312269945583,0.10189723584067303,-0.008471890188121731,0.10414579463398332,0.05943022335318512,0.061560128872805854,0.012268209787832924,"F.SCOTT, FITZGERALD",FLAPPERS AND PHILOSOPHERS,FLAPPERS AND PHILOSOPHERS
4368,11,-0.27648105862535527,0.021700673110931795,-0.0634106308326496,-0.10703197451685423,0.1636274183489646,-0.1031335789410854,0.010541755093983418,-0.08573746535495246,0.026355132342915637,0.0159099262189935,"F.SCOTT, FITZGERALD",FLAPPERS AND PHILOSOPHERS,FLAPPERS AND PHILOSOPHERS
4368,12,-0.18530503758399025,-0.006291667485560211,-0.006858486729548365,-0.21536793908717616,-0.0048003323109558835,-0.02933191126866816,-0.1186888556113326,-0.0018447744784816198,-0.04035160198507734,-0.08825538354342811,"F.SCOTT, FITZGERALD",FLAPPERS AND PHILOSOPHERS,FLAPPERS AND PHILOSOPHERS
4368,13,-0.41755267351659764,0.008077810457056108,-0.18347880257290158,0.16062197108052517,0.14367020351802343,-0.02746793064815802,-0.04022130806088544,-0.006016539688234741,0.02918226193767285,0.10980009308610918,"F.SCOTT, FITZGERALD",FLAPPERS AND PHILOSOPHERS,FLAPPERS AND PHILOSOPHERS
4368,14,-0.320403197328518,0.041217008270167464,-0.15845155128342203,0.127158007632338,-0.016550877267198828,-0.16974445830232981,0.10363833842541303,-0.04797472968729304,-0.0732989045236966,0.10694606412491264,"F.SCOTT, FITZGERALD",FLAPPERS AND PHILOSOPHERS,FLAPPERS AND PHILOSOPHERS
4368,15,-0.32275114765147017,0.0012760609170940304,-0.15907437738954888,0.13226235628480706,0.0940878337402284,-0.2070700066518281,0.07867068553957023,0.11518780289173433,-0.04261166290735127,0.1576464493742175,"F.SCOTT, FITZGERALD",FLAPPERS AND PHILOSOPHERS,FLAPPERS AND PHILOSOPHERS
4368,16,-0.4386626634003208,0.016160575034530642,-0.1513162960399857,0.1672724205499088,0.03491867591413791,-0.025572211056592617,-0.14036556798687091,-0.03779330363802845,-0.02691606712171087,0.06392337500871656,"F.SCOTT, FITZGERALD",FLAPPERS AND PHILOSOPHERS,FLAPPERS AND PHILOSOPHERS
4368,17,-0.2852772104876041,-0.008907306172052732,-0.06884537429412216,0.0953085281362428,0.06261125538810558,-0.006763532683115518,-0.16424334721778508,0.12085224277880313,0.008121145703101539,0.023178169383943396,"F.SCOTT, FITZGERALD",FLAPPERS AND PHILOSOPHERS,FLAPPERS AND PHILOSOPHERS
4368,18,-0.34563589248694665,0.03301421954738699,-0.11946393546003876,0.04071767591440128,0.03517125325216164,-0.09280681210615091,-0.14850405819771112,0.033994119997354855,0.12731326121522676,0.21070727977124962,"F.SCOTT, FITZGERALD",FLAPPERS AND PHILOSOPHERS,FLAPPERS AND PHILOSOPHERS
4368,19,-0.36761902695632115,-0.0068179699888828455,-0.09312317332731904,0.12686996472608722,-0.010837090733613122,-0.015868859565141155,-0.1391881737663926,0.13809572565268338,0.06409938021277228,0.06133965490883436,"F.SCOTT, FITZGERALD",FLAPPERS AND PHILOSOPHERS,FLAPPERS AND PHILOSOPHERS
4368,20,-0.3855360764365605,0.035485496848711266,-0.16365009936814973,0.07419084110574903,0.14371081188427526,-0.1287170899451487,-0.19582443597926896,0.21399611308497754,0.06092830645627621,0.166960894094464,"F.SCOTT, FITZGERALD",FLAPPERS AND PHILOSOPHERS,FLAPPERS AND PHILOSOPHERS
4368,21,-0.3109200113663287,-0.011798530082914507,-0.055177872146913054,0.013906287291206115,0.11275960890192518,-0.11957498867387116,-0.12567028981028033,-0.03963511560835564,0.08150436347357923,0.11826655000131087,"F.SCOTT, FITZGERALD",FLAPPERS AND PHILOSOPHERS,FLAPPERS AND PHILOSOPHERS
4368,22,-0.33809761559806634,-0.0007530130149640546,-0.19015842017502313,0.18983405502298284,0.09456896684695104,-0.13202685217164498,0.3092090411258628,0.07514624756335997,0.03234014876097027,0.009418314258188561,"F.SCOTT, FITZGERALD",FLAPPERS AND PHILOSOPHERS,FLAPPERS AND PHILOSOPHERS
4368,23,-0.2819277106060857,-0.008067102706896626,-0.15241213657169075,0.13137683204406225,0.06227240301260206,0.0699798737590093,0.1290523395849672,0.09996941705915265,0.0574488138449936,0.05553032082513353,"F.SCOTT, FITZGERALD",FLAPPERS AND PHILOSOPHERS,FLAPPERS AND PHILOSOPHERS
4368,24,-0.400064737011971,0.02114052879404031,-0.20167717024969872,0.18286953058215782,0.044684685733166016,-0.056993894115690245,0.1007286371735169,0.22180256108513818,0.033267626328094546,0.20474170191573346,"F.SCOTT, FITZGERALD",FLAPPERS AND PHILOSOPHERS,FLAPPERS AND PHILOSOPHERS
4368,25,-0.32212093696649596,-0.0015276174157396634,-0.12150791340621492,0.11170585921463883,0.021720734701773155,-0.10028133695266168,0.10676237033322813,0.03021148153401327,0.06821372148871069,-0.021605607462188575,"F.SCOTT, FITZGERALD",FLAPPERS AND PHILOSOPHERS,FLAPPERS AND PHILOSOPHERS
4368,26,-0.38406463830848697,0.02611261188044916,-0.16101122477015375,0.08025521728794606,0.026912274322664426,-0.1449121757289559,0.0401704619226618,0.016455594801053144,-0.023156311090754726,-0.13586006957225052,"F.SCOTT, FITZGERALD",FLAPPERS AND PHILOSOPHERS,FLAPPERS AND PHILOSOPHERS
4368,27,-0.3119606842434635,0.015133847352178672,-0.15386365538185492,0.08566804133361675,0.04657103303521395,-0.12698887430674127,0.07959725087869818,0.06248484819926243,0.04343132563165705,0.008701126724143634,"F.SCOTT, FITZGERALD",FLAPPERS AND PHILOSOPHERS,FLAPPERS AND PHILOSOPHERS
4368,28,-0.17740092141433117,0.0014563073257328153,-0.07559413973287332,0.0965086842227991,-0.03259792437484092,0.0600070676968987,-0.08654565484180474,-0.18585869087903223,0.051477281066582094,-0.1344027517788525,"F.SCOTT, FITZGERALD",FLAPPERS AND PHILOSOPHERS,FLAPPERS AND PHILOSOPHERS
4368,29,-0.44219488518241745,-0.029992593070695378,-0.07782367592949865,0.08703904959467301,0.06239670917064678,0.1697245558684699,0.07016943787037698,0.045411391031532994,-0.06703062477451077,0.06915112831628678,"F.SCOTT, FITZGERALD",FLAPPERS AND PHILOSOPHERS,FLAPPERS AND PHILOSOPHERS
4368,30,-0.17461887610380114,0.04182805829061153,-0.05590332770713894,0.038588708531316976,0.02594640704226039,0.08740043394383208,0.01438169266880364,0.04658920569591285,-0.00043942904205365903,0.10611998373920772,"F.SCOTT, FITZGERALD",FLAPPERS AND PHILOSOPHERS,FLAPPERS AND PHILOSOPHERS
4368,31,-0.23076575852286607,-0.033444051898627807,0.015100799915010704,-0.0016458998853798763,0.07810608812997535,-0.11939127388728515,-0.03778296745434989,-0.05626870470571632,-0.13516086895044427,0.0017952736713444297,"F.SCOTT, FITZGERALD",FLAPPERS AND PHILOSOPHERS,FLAPPERS AND PHILOSOPHERS
4368,32,-0.12114144943614222,-0.03019894804249078,0.01710411091904004,-0.030514114681369792,0.07787605357667157,-0.006183243408537362,-0.07096541051575703,-0.0312346028422863,-0.04252475946255825,0.006785211002274489,"F.SCOTT, FITZGERALD",FLAPPERS AND PHILOSOPHERS,FLAPPERS AND PHILOSOPHERS
4368,33,-0.2959726261853062,-0.00625952918912485,-0.03959549560176436,0.0040714849483827215,0.10517333539278334,0.0702015092220716,-0.06545324712288593,0.04435691519478863,-0.08109405867085562,0.04464594995223872,"F.SCOTT, FITZGERALD",FLAPPERS AND PHILOSOPHERS,FLAPPERS AND PHILOSOPHERS
4368,34,-0.0760586851003641,0.006208028210331772,-0.06828387928645709,0.08388326256774084,-0.006218301870940429,0.08580611898389673,-0.07341414228830773,-0.16546866796950555,0.08066031729423045,-0.18389356602160195,"F.SCOTT, FITZGERALD",FLAPPERS AND PHILOSOPHERS,FLAPPERS AND PHILOSOPHERS
4368,35,-0.11472107052056982,-0.02518538034187002,-0.003101313804081915,0.05863137923398276,-0.0003698768180328254,0.05464361097992795,0.021380607565474278,-0.05376267780038557,0.04094007701288656,-0.012784727631081565,"F.SCOTT, FITZGERALD",FLAPPERS AND PHILOSOPHERS,FLAPPERS AND PHILOSOPHERS
4368,36,-0.27648712331012504,0.01032219194010631,-0.13352627902264408,0.1568356487233168,0.004530398796436873,0.12469387991703278,-0.15661358677080683,-0.054110395198495594,-0.037544486022269376,-0.04031519870197908,"F.SCOTT, FITZGERALD",FLAPPERS AND PHILOSOPHERS,FLAPPERS AND PHILOSOPHERS
4368,37,-0.3450053134366878,0.022247783196911144,-0.09641646808084162,0.040657160191280364,0.007947491084572048,0.05004107164730691,-0.12530636908675444,-0.20158968115667517,-0.05485499791172356,-0.12125393436168141,"F.SCOTT, FITZGERALD",FLAPPERS AND PHILOSOPHERS,FLAPPERS AND PHILOSOPHERS
4368,38,-0.16842519130776334,-0.030419911679557397,0.019204720639373347,0.11472403915825374,-0.017593918161321817,-0.043658439331949905,-0.12109215201498456,0.05692248630725249,-0.12333355949599413,-0.042859044966306485,"F.SCOTT, FITZGERALD",FLAPPERS AND PHILOSOPHERS,FLAPPERS AND PHILOSOPHERS
4368,39,-0.2805128149104526,0.021730902858365583,-0.0639565666227925,-0.0359960929291365,0.10621038648179391,-0.08551805467942968,-0.07189219545846844,-0.21218101974767675,-0.07053593418902675,0.0018884565683570554,"F.SCOTT, FITZGERALD",FLAPPERS AND PHILOSOPHERS,FLAPPERS AND PHILOSOPHERS
4368,40,-0.13601546792982996,-0.002352017422371105,-0.03851909771388344,-0.013935896054629856,-0.0013031232560102406,-0.036635187902068544,-0.05451623051030516,-0.06333359263556451,0.08710412659187253,-0.06021505650997705,"F.SCOTT, FITZGERALD",FLAPPERS AND PHILOSOPHERS,FLAPPERS AND PHILOSOPHERS
4368,41,-0.1598102958665247,-0.03359170845739862,-0.04751465453110957,0.08729410176181397,0.08126330034593794,0.016041250634859654,-0.11660909577864828,-0.07038492380112096,-0.09597154955145487,-0.12703449251331045,"F.SCOTT, FITZGERALD",FLAPPERS AND PHILOSOPHERS,FLAPPERS AND PHILOSOPHERS
4368,42,-0.29547606112732056,0.009900697421417123,-0.06782619080545442,0.14382824206903308,0.004348507946942488,0.027334388822917374,-0.05820728351869535,0.03187077294592012,-0.10475034092263635,-0.013419251729158588,"F.SCOTT, FITZGERALD",FLAPPERS AND PHILOSOPHERS,FLAPPERS AND PHILOSOPHERS
4368,43,-0.31103835129164153,0.04843097528416435,-0.14275252128474547,0.18460189820464878,0.10059739195336176,0.08821484695515336,0.019223436449128505,-0.020697357688858265,0.047308547826080224,0.10590384989070908,"F.SCOTT, FITZGERALD",FLAPPERS AND PHILOSOPHERS,FLAPPERS AND PHILOSOPHERS
4368,44,-0.24780013442908871,0.02248545188260749,-0.13593607647675973,0.04689586687813333,-0.0227419197659895,0.12736625052711345,-0.08490401518366492,-0.07109780390147377,-0.024909193746063235,-0.11580794884897312,"F.SCOTT, FITZGERALD",FLAPPERS AND PHILOSOPHERS,FLAPPERS AND PHILOSOPHERS
4368,45,-0.2857824662305407,-0.011080220004215467,-0.07153430827382834,0.03754716599744806,-0.008203652259182346,-0.004957464871902597,-0.18152433782198701,0.19102010135517686,-0.04152917621700414,-0.08121145503624373,"F.SCOTT, FITZGERALD",FLAPPERS AND PHILOSOPHERS,FLAPPERS AND PHILOSOPHERS
4368,46,-0.37592838313924,-0.002975012095976777,-0.0897490290921244,0.0743185103356116,0.037365298647653186,0.09274355513014254,-0.1591461460785851,0.06979725205788875,-0.055375414361431424,-0.04862585217146579,"F.SCOTT, FITZGERALD",FLAPPERS AND PHILOSOPHERS,FLAPPERS AND PHILOSOPHERS
5670,1,-0.35352159407416495,0.020528193642412734,0.06773133395142364,-0.346809273933571,0.18350434250755082,-0.10267510873030189,0.02022721480023288,-0.01555224922222407,0.05115748577487697,0.017764996059155325,"VIRGINIA, WOOLF",JACOBS ROOM,JACOBS ROOM
5670,2,-0.5043250263153745,-0.04440614153777636,0.05415602996615039,-0.24795410027216064,0.11889353876674341,0.03313485020811622,-0.02492460234130225,-8.183709064645342e-05,0.1791168003492313,0.0423150817964482,"VIRGINIA, WOOLF",JACOBS ROOM,JACOBS ROOM
5670,3,-0.5457170992664053,-0.06464985462921324,0.11399380456729259,-0.2136585367716316,0.06280428826539743,-0.04017225857215061,0.09682720350977542,-0.030424601418158972,0.08588788409220491,-0.07171228885719086,"VIRGINIA, WOOLF",JACOBS ROOM,JACOBS ROOM
5670,4,-0.484637236728012,-0.04246731603007763,0.04923305000320228,-0.28407486251326874,0.19259732150974734,-0.04451953395769437,0.02616988848859299,0.09891924103488133,0.04874035893811083,0.0575329560878486,"VIRGINIA, WOOLF",JACOBS ROOM,JACOBS ROOM
5670,5,-0.48934547935055095,-0.046943029653823395,0.09393830675345378,-0.13879819579412958,-0.004139450786469463,-0.06143867840658526,-0.04092327011894869,-0.1596906381665032,0.16372409462759951,0.02546180150257945,"VIRGINIA, WOOLF",JACOBS ROOM,JACOBS ROOM
5670,6,-0.49309584469018586,-0.02211433647871292,0.07052989101782166,-0.16554946944837767,-0.0099097111998001,-0.06364553048507865,0.043358499892481514,-0.10021362328992478,0.22196071073431242,0.09115269655527089,"VIRGINIA, WOOLF",JACOBS ROOM,JACOBS ROOM
5670,7,-0.37895676204547574,-0.05554475887048499,0.004132254494864689,0.027865362130166643,0.06463051114905195,-0.06091695055549268,0.05536133572504446,0.14880347504355496,0.1820076738221901,0.15486219390996833,"VIRGINIA, WOOLF",JACOBS ROOM,JACOBS ROOM
5670,8,-0.5098795844827794,-0.08209840442739093,0.11356691966742286,-0.16316989600331555,0.04876319141309304,-0.05777717623894393,-0.05667295720369174,-0.1500910244265,0.22966128433812377,0.058718106744557075,"VIRGINIA, WOOLF",JACOBS ROOM,JACOBS ROOM
5670,9,-0.526007799305807,-0.028352240748107133,0.11366373332120765,-0.20506417549697067,-0.05049074752625587,-0.06565511921649826,0.06464673499048096,-0.09466702313804995,0.1726935643559296,-0.009140421669294845,"VIRGINIA, WOOLF",JACOBS ROOM,JACOBS ROOM
5670,10,-0.48816729481923016,-0.013596479694376778,0.01992640182943482,-0.2262648289333886,0.03560318198333066,-0.17322042161597884,0.09352595708647359,-0.088355715854748,0.18469768376139492,-0.01413729865704311,"VIRGINIA, WOOLF",JACOBS ROOM,JACOBS ROOM
5670,11,-0.4631347928430369,0.043878187293499245,-0.04704830325520338,-0.147726182175486,0.023582690184936646,-0.040838841858701,-0.027672218296202127,-0.06059450699381596,0.10996306611340172,0.17048305880493325,"VIRGINIA, WOOLF",JACOBS ROOM,JACOBS ROOM
5670,12,-0.623040647146488,-0.036144616166454716,0.1291074554618299,-0.2567783746199965,-0.042244846805610824,0.011092967916377263,0.03565482355053888,-0.011675076317122866,0.0779803168223963,-0.09828650051622431,"VIRGINIA, WOOLF",JACOBS ROOM,JACOBS ROOM
5670,13,-0.46762916865466453,-0.009933508257115264,0.062481134388455185,-0.2202825748068362,-0.02066653710318069,-0.09365091566699042,0.017709002521145517,-0.09742133214247897,0.1872624720264228,-0.03536382366148969,"VIRGINIA, WOOLF",JACOBS ROOM,JACOBS ROOM
5670,14,-0.19870412555553124,-0.012426275591024426,0.06165798280750222,-0.13239544160963945,0.012535942982855843,-0.10361024374236731,-0.0057616799430891125,-0.07848124079219705,0.23964557104486858,0.05256051439072567,"VIRGINIA, WOOLF",JACOBS ROOM,JACOBS ROOM
6695,1,-0.3698740998208019,0.04436603364533638,-0.21132552498025015,0.05041651438133462,0.13810498966824913,-0.0501314521238638,0.16825929747040744,-0.06799981687351805,0.16558369565079267,-0.1003351583125335,"F.SCOTT, FITZGERALD",TALES OF THE JAZZ AGE,TALES OF THE JAZZ AGE
6695,2,-0.4183238349197901,0.11005473387760946,-0.2780022764698358,0.03222281987611978,-0.028266146761548108,-0.09512566997550902,0.052456338252997683,0.07325985478215195,-0.0005104699847444955,0.06145255037349651,"F.SCOTT, FITZGERALD",TALES OF THE JAZZ AGE,TALES OF THE JAZZ AGE
6695,3,-0.3313832816222027,0.10036070109741539,-0.24930395421564697,-0.01536795986507741,-0.06363144977253263,-0.11829673522516038,0.016358898879525744,-0.06523026216668015,-0.04327635901570078,-0.03274671948918606,"F.SCOTT, FITZGERALD",TALES OF THE JAZZ AGE,TALES OF THE JAZZ AGE
6695,4,-0.35826220291411315,0.07882233292229143,-0.18372101089597553,-0.06348001666537756,0.13120300993468142,-0.05610398976522557,-0.2788052089427982,0.05905257754347576,0.03990164930903103,0.08874277652299829,"F.SCOTT, FITZGERALD",TALES OF THE JAZZ AGE,TALES OF THE JAZZ AGE
6695,5,-0.3656476643936163,0.05463026068671452,-0.23136348335136395,0.03897054759264795,0.038850351203961374,-0.12983216109541015,0.06843117523969135,-0.02589630012015912,0.11003138012141796,-0.08231178544429994,"F.SCOTT, FITZGERALD",TALES OF THE JAZZ AGE,TALES OF THE JAZZ AGE
6695,6,-0.3066775330085922,0.04197875271795072,-0.14923346036741666,0.03947883060598499,-0.020813603949454963,-0.19059004792704135,0.05646662175301774,-0.004965146260338726,0.0731830888044872,-0.08878004747757118,"F.SCOTT, FITZGERALD",TALES OF THE JAZZ AGE,TALES OF THE JAZZ AGE
6695,7,-0.40444687296878057,0.07158823413129703,-0.15490513331100203,0.09019898840238384,-0.008328078090830221,-0.2109795065090419,0.1959816850079592,0.03761123582644518,0.06247049478856875,0.04426902395537414,"F.SCOTT, FITZGERALD",TALES OF THE JAZZ AGE,TALES OF THE JAZZ AGE
6695,8,-0.3574786216669121,0.05562822509662535,-0.05279018428403469,0.04149723285382018,0.02095451358001696,-0.23827955059441663,0.23115626514931167,0.0390325013192535,0.07931677813646844,0.0069529918359976725,"F.SCOTT, FITZGERALD",TALES OF THE JAZZ AGE,TALES OF THE JAZZ AGE
6695,9,-0.3487542330290265,0.060657697460465676,-0.11545512656587571,0.09147364776689977,0.07106034928072169,-0.12489980330103155,-0.06457594988600761,0.19618029919857544,-0.0250836875249568,0.12452177429744771,"F.SCOTT, FITZGERALD",TALES OF THE JAZZ AGE,TALES OF THE JAZZ AGE
6695,10,-0.14304605019913486,0.026568126950858348,-0.06135685757754773,-0.08555835596436732,0.0019013609499896368,0.0223189170099755,0.07735356576296473,-0.08686227296135442,0.05011194166098094,-0.04986711647213456,"F.SCOTT, FITZGERALD",TALES OF THE JAZZ AGE,TALES OF THE JAZZ AGE
6695,11,-0.378949788434856,0.05187450155264696,-0.24948737074776578,0.18721719012559734,-0.04041207534442019,0.04450631337529796,0.03769061627899771,-0.009231740601151488,-0.10855837938038192,-0.09657203375857971,"F.SCOTT, FITZGERALD",TALES OF THE JAZZ AGE,TALES OF THE JAZZ AGE
6695,12,-0.2889981939452146,0.08275923174954823,-0.23557650110806344,0.13471552713971127,-0.01670574799328945,-0.12576026846629149,0.2093805745097573,-0.04672354771449126,-0.0178862577884307,-0.15372813378507616,"F.SCOTT, FITZGERALD",TALES OF THE JAZZ AGE,TALES OF THE JAZZ AGE
6695,13,-0.34034854397909986,0.16237872297608127,-0.24628915585444106,0.06861793319803668,-0.13214394810701266,-0.17362797574653055,0.16767770711417695,-0.14166464637870552,-0.03742303662708125,-0.09095156172790327,"F.SCOTT, FITZGERALD",TALES OF THE JAZZ AGE,TALES OF THE JAZZ AGE
6695,14,-0.4344144652044241,0.05847606647281986,-0.2404782162159303,0.1749553262972885,0.0629309927460681,-0.21147600879601516,0.07691112315554426,0.09862510465445397,-0.023867742581926664,0.18263193097972336,"F.SCOTT, FITZGERALD",TALES OF THE JAZZ AGE,TALES OF THE JAZZ AGE
6695,15,-0.2900879220148644,0.06988948216320198,-0.09327200244805622,0.0555399728928194,-0.09930084215489869,-0.009781305562584122,0.04840546955531483,-0.01610012609447777,0.004958275712414582,0.06297462427404041,"F.SCOTT, FITZGERALD",TALES OF THE JAZZ AGE,TALES OF THE JAZZ AGE
6695,16,-0.2825568228253894,0.05569904139307292,-0.12062809375797776,0.0636165681467999,-0.08296684184318108,-0.1502454681829372,0.06862179074232581,-0.07219155709701859,-0.05913346339553445,0.07127193748347492,"F.SCOTT, FITZGERALD",TALES OF THE JAZZ AGE,TALES OF THE JAZZ AGE
6695,17,-0.26070868318573415,0.1516314809548013,-0.23718352800518572,0.13230841746233815,-0.16147423308315,-0.1495147961235594,0.12167630010379572,-0.0038946056253237396,-0.03354817995178771,0.04550003496268572,"F.SCOTT, FITZGERALD",TALES OF THE JAZZ AGE,TALES OF THE JAZZ AGE
6695,18,-0.35069207929091595,0.13220747079140166,-0.14122466602808073,-0.021891541916300404,0.050872194357665615,-0.16151159742751592,0.04697089062591339,-0.09014142343727907,0.01919564225213336,0.0378134210834152,"F.SCOTT, FITZGERALD",TALES OF THE JAZZ AGE,TALES OF THE JAZZ AGE
6695,19,-0.3147238931740099,0.16948853232209365,-0.16851577740294832,-0.01345670747917119,-0.1518934306184713,-0.22346337604078756,0.153978781386642,-0.166123201208288,-0.0002351393270000465,-0.022346113431148392,"F.SCOTT, FITZGERALD",TALES OF THE JAZZ AGE,TALES OF THE JAZZ AGE
6695,20,-0.2864637306049988,0.12922298023289108,-0.12795485391362854,0.029783923768813357,-0.17074679343233062,-0.22513354421260426,0.0851099462641593,-0.15845787806282008,-0.02059718615242169,-0.11469434838513348,"F.SCOTT, FITZGERALD",TALES OF THE JAZZ AGE,TALES OF THE JAZZ AGE
6695,21,-0.16386393653850698,0.03456066342546625,-0.06235502926649189,-0.08380025935668824,-0.04164523186361997,-0.060348259615289994,-0.08828684911244489,-0.09974315605574827,0.05116344090519013,-0.119027013932445,"F.SCOTT, FITZGERALD",TALES OF THE JAZZ AGE,TALES OF THE JAZZ AGE
6695,22,-0.35348512527714365,0.024402459053071826,-0.09358387013104841,-0.029927711884578816,0.0294347961618239,-0.015329871401799044,0.037903659828725074,0.07632071037704102,-0.09597277861345188,0.0533686191527528,"F.SCOTT, FITZGERALD",TALES OF THE JAZZ AGE,TALES OF THE JAZZ AGE
6695,23,-0.31763297681135144,0.007480490782797144,-0.20651053687210988,0.12537613866103986,0.22773461878173798,0.26463442054999764,0.0017422883894049543,0.00821222473384626,0.07312639293767996,0.1380377624534549,"F.SCOTT, FITZGERALD",TALES OF THE JAZZ AGE,TALES OF THE JAZZ AGE
6695,24,-0.3317638054741305,-0.00620310118822941,-0.06480878363384279,-0.23928876245551706,0.20887157110459587,0.21777403460117375,0.026805087668545557,-0.04492286643658005,-0.16674780014532553,0.03841684293206009,"F.SCOTT, FITZGERALD",TALES OF THE JAZZ AGE,TALES OF THE JAZZ AGE
6695,25,-0.1751068477836825,0.030135019801789696,-0.042529807527594145,-0.12541466580138852,0.06366716375826427,-0.030742927713730946,-0.07260298233525159,0.004957578639043666,-0.00691377081599201,0.004698283072013896,"F.SCOTT, FITZGERALD",TALES OF THE JAZZ AGE,TALES OF THE JAZZ AGE
6695,26,-0.18291936062042002,-0.0212890998255523,-0.05398562865542446,-0.007935649750986241,0.1772478433082481,0.2668852270194749,0.07743909528342537,-0.09286253622030263,-0.15350220687129337,-0.03391085782598721,"F.SCOTT, FITZGERALD",TALES OF THE JAZZ AGE,TALES OF THE JAZZ AGE
6695,27,-0.3346930812581625,-0.029703786274402455,-0.09921900791095081,-0.00887571910887131,0.15330750027260864,0.2548407709995504,0.16977998171845465,0.016064105706083003,-0.05360822673961048,0.16476687018954975,"F.SCOTT, FITZGERALD",TALES OF THE JAZZ AGE,TALES OF THE JAZZ AGE
6695,28,-0.340410582028551,-0.007205277539051591,-0.09691360701375973,0.011309337575822215,0.2139027966834975,0.04889468585180015,0.002127790348650472,0.051213270918058884,-0.03252207721010482,0.19919084026706935,"F.SCOTT, FITZGERALD",TALES OF THE JAZZ AGE,TALES OF THE JAZZ AGE
6695,29,-0.16534985385013393,-0.006257034541313696,-0.0767431770196114,-0.023694948939084148,0.1645866130263357,0.13750082698876726,0.039463028695713304,-0.06861279312034826,-0.13741325760224632,0.10567788971048635,"F.SCOTT, FITZGERALD",TALES OF THE JAZZ AGE,TALES OF THE JAZZ AGE
6695,30,-0.36571353043835236,-0.04533144304202507,-0.08934582234804211,0.16118488389102226,0.15200614493772938,0.23708055294128066,0.06572085976746503,0.04002207617370995,-0.049511955867301886,0.19399784902939304,"F.SCOTT, FITZGERALD",TALES OF THE JAZZ AGE,TALES OF THE JAZZ AGE
6695,31,-0.3105437143810787,-0.01397961825770613,-0.0424411807239698,-0.14198578297376693,0.22075947295552897,-0.012883833557090572,-0.009626579867623643,-0.15994973823238276,-0.20157003600533818,0.12464386837038674,"F.SCOTT, FITZGERALD",TALES OF THE JAZZ AGE,TALES OF THE JAZZ AGE
6695,32,-0.30096214263764676,-0.04749491060412987,-0.0019700122683230965,-0.19121534358952838,0.3180179970158503,0.15963519196642187,0.13748300736144084,-0.05958629222751668,-0.29366646184789563,0.1270563441232706,"F.SCOTT, FITZGERALD",TALES OF THE JAZZ AGE,TALES OF THE JAZZ AGE
6695,33,-0.22563806520249324,-0.018968420489607646,-0.04946692987564469,0.04730975833575369,0.05310213432688812,0.14051623396278712,0.09427186247182855,-0.054832302335498004,-0.05752284217708874,0.06243849740413409,"F.SCOTT, FITZGERALD",TALES OF THE JAZZ AGE,TALES OF THE JAZZ AGE
6695,34,-0.21600919584534814,0.009983389027510881,-0.07926776524744554,0.06925689316540753,0.1546600344809576,-0.010995172157922943,-0.3016191545496297,0.09785359506831064,0.10109450146020907,-0.04043992474081328,"F.SCOTT, FITZGERALD",TALES OF THE JAZZ AGE,TALES OF THE JAZZ AGE
6695,35,-0.21281150976467686,-0.020202135553737413,-0.10417694213759865,0.14664326078525142,0.09436509826219729,0.16657900317703514,-0.06597302454596093,-0.1556925393302603,0.12845835413470735,-0.13459071523711166,"F.SCOTT, FITZGERALD",TALES OF THE JAZZ AGE,TALES OF THE JAZZ AGE
6695,36,-0.27083137727971296,-0.052823734777112344,-0.05416206776018187,0.1452938965164937,0.16348456176823004,0.20129542518810953,-0.03758781599656984,-0.07543659841518109,0.17873838011958154,-0.09027831592793625,"F.SCOTT, FITZGERALD",TALES OF THE JAZZ AGE,TALES OF THE JAZZ AGE
6695,37,-0.22386377320215015,0.012539289678047766,-0.15516304031246636,0.15869503252242262,0.12808040064925902,0.11944692299949668,0.07255446551237733,-0.13039058897144576,0.10324714718652567,-0.11752398989075594,"F.SCOTT, FITZGERALD",TALES OF THE JAZZ AGE,TALES OF THE JAZZ AGE
6695,38,-0.31540630663918245,-0.03384938909348986,-0.10055420809628825,0.05984611374661017,0.16461499176198233,0.07967156226980468,0.11933511626390464,0.022580954184330274,0.1619638186967578,-0.014034056799610872,"F.SCOTT, FITZGERALD",TALES OF THE JAZZ AGE,TALES OF THE JAZZ AGE
6695,39,-0.1220978988715871,-0.0179851200419888,-0.002735795667625322,0.06141025343300121,0.030929168850068557,0.08577373124497442,0.033098466151480294,-0.02941618172820764,0.06538705365463474,-0.05112291018226689,"F.SCOTT, FITZGERALD",TALES OF THE JAZZ AGE,TALES OF THE JAZZ AGE
6695,40,-0.21778728172235903,-0.0168987488966678,-0.0634745475974726,0.13684001814136187,0.07652627003703145,0.13913738567047493,0.006216652523544003,-0.03638176038388076,0.13439970594425807,-0.19002117140746244,"F.SCOTT, FITZGERALD",TALES OF THE JAZZ AGE,TALES OF THE JAZZ AGE
6695,41,-0.26315497351467887,-0.037638237616614945,-0.04399290445005916,0.11105856099549634,0.015717366534382146,0.11348138460088364,-0.03797181464308005,0.05968985005126705,0.11457137184134872,-0.18497757506988496,"F.SCOTT, FITZGERALD",TALES OF THE JAZZ AGE,TALES OF THE JAZZ AGE
6695,42,-0.22692699521647197,-0.03596375991962567,-0.1075969736817979,0.20003445945099368,0.19880993889867904,0.3007534280582102,0.060149332271819386,-0.1457400148883093,0.0836389238283432,-0.0589003885026977,"F.SCOTT, FITZGERALD",TALES OF THE JAZZ AGE,TALES OF THE JAZZ AGE
6695,43,-0.24109963564890105,0.0280951754962743,-0.13413173968920108,0.12282245470718292,0.018691691860442318,0.11328790384836723,-0.024654457685266917,-0.1846729502245697,0.14229808055731102,-0.21781451769156163,"F.SCOTT, FITZGERALD",TALES OF THE JAZZ AGE,TALES OF THE JAZZ AGE
6695,44,-0.2804276746218264,0.018717100148989845,-0.07422523791006769,0.05127786903957118,0.10106217368087508,0.04764995564684869,-0.041836989083298574,-0.06639531374006148,0.08301259026794217,-0.1026835057703103,"F.SCOTT, FITZGERALD",TALES OF THE JAZZ AGE,TALES OF THE JAZZ AGE
6695,45,-0.16220824270237436,0.01853699580353031,-0.015367784574929785,-0.15841171799382023,0.09909998580922852,-0.07151271374742592,-0.04436964253953939,-0.12085564035218999,-0.012256117761732572,0.01971972821012124,"F.SCOTT, FITZGERALD",TALES OF THE JAZZ AGE,TALES OF THE JAZZ AGE
6695,46,-0.2771570756394762,0.012513867066813697,-0.06458688196488149,-0.026456282897302265,0.07806262851952252,-0.1503789152045125,-0.06371432194840741,-0.09115137814661275,0.08824835258214421,0.06257824800830211,"F.SCOTT, FITZGERALD",TALES OF THE JAZZ AGE,TALES OF THE JAZZ AGE
6695,47,-0.21024547222432896,0.008742883099498833,-0.04761965479724447,-0.05438874246606969,0.02263568386137679,-0.07818393581111134,-0.041060503353640775,-0.12604288607824884,-0.0516703036637777,0.026055922488534153,"F.SCOTT, FITZGERALD",TALES OF THE JAZZ AGE,TALES OF THE JAZZ AGE
6695,48,-0.3478100302190383,0.0014615973344499558,-0.0709920334865966,-0.08061095007570551,0.07620704141604115,-0.15118870956629582,0.006882497291272869,-0.27869505284175644,0.05183817799194197,-0.043539347257811584,"F.SCOTT, FITZGERALD",TALES OF THE JAZZ AGE,TALES OF THE JAZZ AGE
6695,49,-0.37808877308099725,0.06876815127600175,-0.15698395236281967,0.0043442831396900815,-0.02832000604833852,-0.13238949116627458,0.08024614033775859,-0.23421894771406215,-0.022835511832375453,-0.04471402999555918,"F.SCOTT, FITZGERALD",TALES OF THE JAZZ AGE,TALES OF THE JAZZ AGE
6695,50,-0.4211655478866759,0.004265723754007294,-0.09704129993483818,0.02614710778140996,0.07599463388408688,-0.002959297737649057,-0.04939002437463024,-0.11024756623296454,0.04414766681282618,-0.19071171124731218,"F.SCOTT, FITZGERALD",TALES OF THE JAZZ AGE,TALES OF THE JAZZ AGE
6695,51,-0.4234208282953253,-0.02456993694934612,-0.09316856173638488,0.08274369597073951,0.09238911967462775,-0.015007881794914451,-0.05641727408748902,-0.15880609422255765,0.08985136790216336,-0.17641156556117943,"F.SCOTT, FITZGERALD",TALES OF THE JAZZ AGE,TALES OF THE JAZZ AGE
6695,52,-0.37670881876676143,0.012378674570384043,-0.14353446846987417,0.06635759150807675,0.05286987910696574,0.02754357000119678,-0.17870393536099813,0.15365237697275375,0.08386132263412764,0.1259419046591883,"F.SCOTT, FITZGERALD",TALES OF THE JAZZ AGE,TALES OF THE JAZZ AGE
6695,53,-0.2876954922262601,-0.010524032448216359,-0.0651841063743211,0.0018029378681136722,0.10096818095826393,-0.07398167724618669,-0.04971459453014678,-0.01655114681727267,-0.04308426700919751,-0.047392095949792136,"F.SCOTT, FITZGERALD",TALES OF THE JAZZ AGE,TALES OF THE JAZZ AGE
6695,54,-0.27547923470867125,0.018345541256079522,-0.14328143714997746,0.011281543759513252,0.06271617372395805,-0.0138123305789882,-0.19127296184471665,0.0750174287081154,0.09027739906189865,-0.013118189169610524,"F.SCOTT, FITZGERALD",TALES OF THE JAZZ AGE,TALES OF THE JAZZ AGE
6695,55,-0.36209130238019,0.06328715244902633,-0.18228923809404363,-0.004612335657056299,0.0632906504717188,-0.07967139773310293,-0.36715952815103436,0.1607952239679698,0.12214738117186447,0.0872051820027263,"F.SCOTT, FITZGERALD",TALES OF THE JAZZ AGE,TALES OF THE JAZZ AGE
6695,56,-0.27780451982290805,0.00141564687257434,-0.012750660574262263,-0.05635647989176676,0.021877397793100727,-0.06878583981304591,-0.06288832700954985,-0.02757571549867166,0.051696998343980914,0.03082988308572268,"F.SCOTT, FITZGERALD",TALES OF THE JAZZ AGE,TALES OF THE JAZZ AGE
6695,57,-0.3670751266003926,0.007874045861905828,-0.12954296057737824,-0.0367909600441368,0.18642025595232542,0.039757453649039876,-0.20183488928314022,0.1076093484854792,-0.008600491152173111,0.018751000032745078,"F.SCOTT, FITZGERALD",TALES OF THE JAZZ AGE,TALES OF THE JAZZ AGE
6695,58,-0.39328245852290283,-0.030860285126478267,-0.07061509660168235,0.0015598073878404428,0.07677621908103367,0.05390260540041493,-0.011467871444500916,0.09219342327803762,-0.045230994158947074,-0.019737341641838345,"F.SCOTT, FITZGERALD",TALES OF THE JAZZ AGE,TALES OF THE JAZZ AGE
6695,59,-0.17038477379423944,0.0389277882757698,-0.03190591473133866,-0.1140531676028153,0.112146917970484,0.23820349313556738,0.16411791004280016,-0.05791511275535404,-0.1648558152940132,0.14970513485908524,"F.SCOTT, FITZGERALD",TALES OF THE JAZZ AGE,TALES OF THE JAZZ AGE
6695,60,-0.15741396462300425,0.011517715738261774,-0.116355951922427,0.017895985461200463,0.10730777932036606,0.2625994911546452,0.08748379962280732,-0.12171870589132724,0.06289610565804454,-0.004789556527652531,"F.SCOTT, FITZGERALD",TALES OF THE JAZZ AGE,TALES OF THE JAZZ AGE
6695,61,-0.15250897086966103,-0.011794938756448322,0.0174617507636217,-0.13123850136455836,0.10313023705690737,0.27430827793109225,0.16934941847940077,-0.06416692836047876,-0.04196915196372625,0.1564346621057829,"F.SCOTT, FITZGERALD",TALES OF THE JAZZ AGE,TALES OF THE JAZZ AGE
6695,62,-0.1636647449292043,0.027500470787781697,-0.0077771502393829735,-0.09573380377369653,-0.02173350748478745,-0.05009115805530773,0.05424795415762505,-0.12423900748565328,-0.07823440436277707,0.07845914318087614,"F.SCOTT, FITZGERALD",TALES OF THE JAZZ AGE,TALES OF THE JAZZ AGE
29220,1,-0.3020978397136084,-0.017822172737141567,-0.02724916133161561,-0.24344631906672848,0.2560070835319527,-0.15495972367812197,-0.13011158329199013,-0.05170181591891991,-0.0011211447929716342,0.19717391067169812,"VIRGINIA, WOOLF",MONDAY OR TUESDAY,MONDAY OR TUESDAY
29220,2,-0.46602334226692227,-0.10363819527173597,0.061080580130103215,0.1262064706641599,0.07650467763606175,0.0665498546918316,-0.05180268411790538,0.00450433361157929,0.15867269835643527,0.0924744791390713,"VIRGINIA, WOOLF",MONDAY OR TUESDAY,MONDAY OR TUESDAY
29220,3,-0.18093401417563137,-0.04860814168111863,0.0836156721820277,-0.1432779868858407,0.09936420063308574,-0.008624935066052431,0.028240042114426107,-0.12684634417285373,-0.08696559707429112,0.06406466993214231,"VIRGINIA, WOOLF",MONDAY OR TUESDAY,MONDAY OR TUESDAY
29220,4,-0.47838724462293014,-0.020577983284906218,0.07456441639964115,-0.08496531080089226,0.046145321938767685,-0.0404017766525453,-0.05226274915689019,0.04369042760743635,0.056166059648567884,-0.006569479671478067,"VIRGINIA, WOOLF",MONDAY OR TUESDAY,MONDAY OR TUESDAY
29220,5,-0.3375740242014812,-0.042682326141667004,0.024424235776314532,-0.2068272317862394,0.1497378795028661,-0.07208246984930011,0.048587979013541845,-0.050382602559806144,-0.03269231191850599,0.07361721879635466,"VIRGINIA, WOOLF",MONDAY OR TUESDAY,MONDAY OR TUESDAY
29220,6,-0.12683717483625429,0.0049617252437354166,0.034326163423999384,-0.17381810885301663,0.10901679655143995,-0.07819647679121222,0.005102492273915778,0.029368602920937306,-0.03738350725020783,0.017151419182758844,"VIRGINIA, WOOLF",MONDAY OR TUESDAY,MONDAY OR TUESDAY
29220,7,-0.08356543054665003,0.00675256904930756,-0.04547386963205104,-0.12477679030300962,0.07966719692398506,-0.033838700870509976,0.024329909063785658,0.11844402014663566,-0.1348806561069906,-0.08694403388337704,"VIRGINIA, WOOLF",MONDAY OR TUESDAY,MONDAY OR TUESDAY
29220,8,-0.3587908930504443,-0.09278411928775233,0.13125156828895018,-0.2007133473045793,0.10837198189870934,-0.06963622689178542,0.06827713614566266,0.01536794263231792,-0.024585714304535926,-0.013530087742372424,"VIRGINIA, WOOLF",MONDAY OR TUESDAY,MONDAY OR TUESDAY
29220,9,-0.4451641309262216,-0.09733923993631914,0.1639440320392481,-0.1616838669180991,0.0067672149647085966,0.007105906122185297,0.0016438988254609483,-0.071319978358899,0.0023188701678955835,-0.035564241130121826,"VIRGINIA, WOOLF",MONDAY OR TUESDAY,MONDAY OR TUESDAY
61085,1,-0.09808064475338953,0.10454653017002662,-0.024100947094658307,-0.169914413580645,-0.1536453886890251,0.07296575080001733,-0.11747799634776454,-0.06561190484948573,0.07458577727156032,0.1689007237172434,"ERNEST, HEMINGWAY",IN OUR TIME,IN OUR TIME
61085,2,-0.09525181579228348,0.8027396629732085,0.40139184199660016,0.1290757798504721,0.17223314920598556,-0.017528273944835686,0.010591385527511814,0.010193642956947021,-0.012395716209173091,-0.03709722899757051,"ERNEST, HEMINGWAY",IN OUR TIME,IN OUR TIME
61085,3,-0.10296358232710218,0.047710674760643335,-0.009254998940344572,-0.16014194837035395,-0.028429728636259047,0.02019714620198799,0.025922723059450516,0.0075380381430351084,-0.019466955845363298,-0.17036939212637758,"ERNEST, HEMINGWAY",IN OUR TIME,IN OUR TIME
61085,4,-0.08133005572023946,-0.0014551601154485438,0.023598019611778757,-0.17444657754173154,0.06098941752028461,-0.04912906030960385,-0.012593617304338743,0.013725906716500954,-0.05613955062075205,0.02006445350348342,"ERNEST, HEMINGWAY",IN OUR TIME,IN OUR TIME
61085,5,-0.07062324240409018,0.031147492279596206,-0.05802388345818338,-0.06557393692249579,0.025357763249657585,-0.0313392441155804,-0.0256300015481164,0.0024733025001557533,-0.04286264750525174,-0.11513859390332377,"ERNEST, HEMINGWAY",IN OUR TIME,IN OUR TIME
61085,6,-0.09673098862878796,0.04304595391438146,-0.02532067862284866,-0.15500225749436136,0.06184829199427,-0.064893410652197,0.009200063501555354,-0.06483386547959984,-0.03544892972924818,-0.016778101889981443,"ERNEST, HEMINGWAY",IN OUR TIME,IN OUR TIME
61085,7,-0.15248606114388524,0.05187755359139699,-0.02105349785131279,-0.16055145802214074,0.02975471427939105,-0.04917021218749969,-0.11989853200283239,-0.08328457714647297,0.09469748255581424,0.009118252835412594,"ERNEST, HEMINGWAY",IN OUR TIME,IN OUR TIME
61085,8,-0.07996084125136727,0.028107041537935907,-0.04605088426830727,0.02391709763574904,-0.082608764535066,0.026473281343541398,0.005833631565386721,0.09217344878356667,-0.053219443794763455,0.10649971311682777,"ERNEST, HEMINGWAY",IN OUR TIME,IN OUR TIME
61085,9,-0.12350165780689766,0.11418439227441868,-0.13344152218206465,-0.029059137296685144,-0.09659774678106492,0.06159662534616647,-0.07201366843787908,-0.044224719773592186,-0.03820067778973621,0.028624659551792657,"ERNEST, HEMINGWAY",IN OUR TIME,IN OUR TIME
61085,10,-0.1914731808150945,0.05670459367402115,-0.11073983671318374,-0.002243059448459303,-0.06638371391679951,0.08051455809156995,-0.05664163850881239,-0.020439006079254887,0.08601912627508793,0.019807872180538443,"ERNEST, HEMINGWAY",IN OUR TIME,IN OUR TIME
61085,11,-0.15338811079729767,0.019434636386141506,0.008504000402461019,-0.04048266420684593,-0.1133814687415275,0.07143188548352554,-0.021706895062839245,0.11232100770862317,0.06804435453482893,-0.19010749646410088,"ERNEST, HEMINGWAY",IN OUR TIME,IN OUR TIME
61085,12,-0.0921403170656897,0.4907729995336107,0.2791432995561306,0.054881142749501885,0.1544692914071135,-0.030283848248720973,0.03080594703608129,0.027059992649507883,0.08119560576708583,-0.01988874660573887,"ERNEST, HEMINGWAY",IN OUR TIME,IN OUR TIME
61085,13,-0.11672363944017461,0.6267175769316377,0.24691393478851398,0.0595139660783679,0.029642755558116463,-0.011363892999102522,0.05812323817067981,-0.044267596896422526,0.002043587268821026,0.036104984697754576,"ERNEST, HEMINGWAY",IN OUR TIME,IN OUR TIME
61085,14,-0.0921381792907813,0.774581619842381,0.40941858067240433,0.14824733394147818,0.20075842610158603,-0.02627304618036384,0.008815224436746406,0.019113781786784922,-0.0014117575467344204,-0.057092985973245525,"ERNEST, HEMINGWAY",IN OUR TIME,IN OUR TIME
61085,15,-0.17178260772843099,0.0862960168420111,-0.0662501225919937,-0.017975052597103268,-0.16088756252477635,-0.0036004434248816768,0.05828432005751747,-0.006822231014806505,0.013128255537117536,0.10031195926576938,"ERNEST, HEMINGWAY",IN OUR TIME,IN OUR TIME
61085,16,-0.11036039308765794,0.5702599659815372,0.3210097803067752,0.06277596943212427,0.21530689679221907,-0.03433653554262356,-0.13007199258619923,0.11840188897745067,0.01945158820391387,-0.05744041147292106,"ERNEST, HEMINGWAY",IN OUR TIME,IN OUR TIME
61085,17,-0.1364005874306398,0.03645517436005647,-0.01829946947055011,-0.022151030577974264,0.0590100025776922,-0.08029012288655256,-0.005553630224075402,-0.036860523577617814,0.10024199440567572,-0.06191489465324253,"ERNEST, HEMINGWAY",IN OUR TIME,IN OUR TIME
61085,18,-0.1278612255587439,0.0034974039169994925,-0.0004769277754229726,-0.09603236606904063,0.018729420541749354,0.053543223549770966,0.04237847671413508,0.041196346619238176,-0.07319871545466662,0.018199206545784462,"ERNEST, HEMINGWAY",IN OUR TIME,IN OUR TIME
63022,1,-0.424448392839308,-0.13659869674625455,0.16390596836733343,0.0779251023549241,-0.04322346144375227,0.10203744756439044,-0.01209821425825424,-0.019342750492802093,0.09759047266190017,-0.11463589536484342,"VIRGINIA, WOOLF",MR BENNETT AND MRS BROWN,MR BENNETT AND MRS BROWN
63107,1,-0.4340832892160341,0.007267112822051237,-0.05578666977193761,-0.14562274009812703,-0.04170352742596654,0.0011492037881738089,0.04168126416883698,-0.02657279441512196,0.221099666573521,-0.06353689844366499,"VIRGINIA, WOOLF",MRS DALLOWAY IN BOND STREET,MRS DALLOWAY IN BOND STREET
64317,1,-0.5710991550394378,-0.04538305740872486,-0.06043508793451452,-0.02200470161508391,0.11814657319879293,0.06029094048791171,-0.10299877372307123,0.03443089989815766,-0.07795748169495469,-0.05291151696569484,"F.SCOTT, FITZGERALD",GREAT GATSBY,GREAT GATSBY
64317,2,-0.4558221985792413,0.04276613788884213,-0.1586679782511948,-0.10364311732805069,-0.013035739701633289,-0.01611602021741424,-0.19607748737237815,0.14556406565813368,0.03561963996872868,-0.1127853182453732,"F.SCOTT, FITZGERALD",GREAT GATSBY,GREAT GATSBY
64317,3,-0.5183100791339498,0.01148780160031835,-0.1758087547364565,-0.017328208193865977,0.12875026753656824,-0.11009106720528931,0.0001098430217388053,0.07428694844538788,-0.044941587057705616,0.0013126432822014146,"F.SCOTT, FITZGERALD",GREAT GATSBY,GREAT GATSBY
64317,4,-0.5775597361596542,0.13613500167954543,-0.2385923343430398,-0.01758847422881165,-0.034775010445569285,-0.03281958735824103,-0.07444970275122405,0.04782091439747261,-0.08732108465353826,-0.08761183595844278,"F.SCOTT, FITZGERALD",GREAT GATSBY,GREAT GATSBY
64317,5,-0.5068574816736894,0.003548746003102782,-0.10994019192542367,-0.1484647697323724,0.15416544995291273,-0.10979028095538258,-0.1429716996172665,-0.023907122340143187,-0.08005288639052112,0.023861934032114125,"F.SCOTT, FITZGERALD",GREAT GATSBY,GREAT GATSBY
64317,6,-0.5243737558754926,0.0025453593149454214,-0.17572438983954636,0.0163728081960387,0.14259635470407533,-0.08114653759143567,0.015362189833271298,0.05388008358276729,-0.11393614874861485,-0.058072604447002164,"F.SCOTT, FITZGERALD",GREAT GATSBY,GREAT GATSBY
64317,7,-0.5523800653844879,0.06815248555170679,-0.2595615962813985,-0.07010774934813985,-0.012128882908153997,-0.02500310459574126,-0.339763131571673,0.11355650045623074,-0.11753939854342159,-0.028298526772912017,"F.SCOTT, FITZGERALD",GREAT GATSBY,GREAT GATSBY
64317,8,-0.4821135900719381,0.0171874330941459,-0.1544163541913186,-0.13148803610297702,0.06844909557887605,-0.020764665446309956,-0.24410293529490923,-0.013143647668220048,-0.10894945362902825,-0.14356989939040765,"F.SCOTT, FITZGERALD",GREAT GATSBY,GREAT GATSBY
64317,9,-0.5563846479488185,0.04509174908260497,-0.1983846872364392,-0.009591174449440312,0.12879155388577188,-0.0015963772936173019,-0.22549667309087953,-0.013646904948182973,-0.03012567443192125,-0.027676221781675607,"F.SCOTT, FITZGERALD",GREAT GATSBY,GREAT GATSBY
67138,1,-0.30190144798711527,0.042530003117784355,-0.13842049432948716,0.07284867844332095,-0.07831168871494681,0.2586290040169202,0.007605594228974682,0.010020075969561847,0.1225995740773994,-0.045611632105709544,"ERNEST, HEMINGWAY",THE SUN ALSO RISES,THE SUN ALSO RISES
67138,2,-0.349713817333494,0.23283195433318438,-0.03194366176008956,0.05148269797470527,-0.14075687911103504,0.14969391656495545,-0.012365849545911635,0.06542915623904476,0.0003473245776282846,-0.10729023888217236,"ERNEST, HEMINGWAY",THE SUN ALSO RISES,THE SUN ALSO RISES
67138,3,-0.3713348098619064,0.198892146581005,-0.2622563252863507,0.01836258022424966,-0.3472951272831509,-0.1555316219961257,0.22848802152238257,-0.03224032297493167,-0.006699660250774071,0.11014119159342298,"ERNEST, HEMINGWAY",THE SUN ALSO RISES,THE SUN ALSO RISES
67138,4,-0.35678536880813916,0.19686784056872153,-0.16894556738105557,-0.03865002367421404,-0.29256628940622104,0.012735586580635278,-0.0707484531877548,-0.05256225725548,0.022142220630030525,0.20543834993836663,"ERNEST, HEMINGWAY",THE SUN ALSO RISES,THE SUN ALSO RISES
67138,5,-0.3114989875046276,0.13064282644947717,-0.21091593517958157,0.05595521495139312,-0.2576309243310341,0.16021732523280693,-0.08563857558533072,0.04565304820634519,-0.04392881403345774,0.013869296042503976,"ERNEST, HEMINGWAY",THE SUN ALSO RISES,THE SUN ALSO RISES
67138,6,-0.3856181997803369,0.10798981577329139,-0.18032214173078054,0.10463635724517309,-0.3278126295642497,0.04897082291000452,0.06361217025149941,0.07322353575260188,-0.0833868395295291,0.0873461327771641,"ERNEST, HEMINGWAY",THE SUN ALSO RISES,THE SUN ALSO RISES
67138,7,-0.18552897852867192,0.10213058461287282,-0.11078668498451619,-0.018009163692291094,-0.1920866104278648,0.03315045623354665,-0.02804656759437752,-0.034929744095521166,0.06232364385352367,0.23059796462639465,"ERNEST, HEMINGWAY",THE SUN ALSO RISES,THE SUN ALSO RISES
67138,8,-0.3454669251463896,0.1699553617190409,-0.2185931036058118,-0.08974995209489614,-0.3530624319794754,0.004320622308458453,0.10895580318023176,0.02122832434910874,-0.05995663672631594,-0.05613015179054785,"ERNEST, HEMINGWAY",THE SUN ALSO RISES,THE SUN ALSO RISES
67138,9,-0.35330046250082625,0.22853740996553634,-0.1834087858690567,-0.10761449325942402,-0.32485286225151444,0.20397182883735343,-0.03903729257814594,0.11026389787518448,-0.022340935517993297,-0.12280428238878444,"ERNEST, HEMINGWAY",THE SUN ALSO RISES,THE SUN ALSO RISES
67138,10,-0.40646507873631477,0.37819122469865674,-0.0644501027821711,-0.2657982242479794,-0.23185456441965907,0.2282167370443282,-0.06206409140792701,0.019017501911967303,-0.049443698427731664,-0.09507553759377312,"ERNEST, HEMINGWAY",THE SUN ALSO RISES,THE SUN ALSO RISES
67138,11,-0.2736835661360414,0.2112002457260454,-0.04900609675130417,-0.36625526808903447,-0.2178237982191268,0.1956261390358624,0.06912948793804441,-0.10269905248185372,-0.005863272781773421,0.11482943405103561,"ERNEST, HEMINGWAY",THE SUN ALSO RISES,THE SUN ALSO RISES
67138,12,-0.3319773902963785,0.13028311840081028,-0.06026106831293819,-0.35258916356192055,-0.19680372361338652,0.2579121080157824,0.06283386225168142,-0.056594971163494864,-0.11352265171040277,0.12079055995622527,"ERNEST, HEMINGWAY",THE SUN ALSO RISES,THE SUN ALSO RISES
67138,13,-0.36656178141178497,0.7134561890576465,0.22442821765136375,0.04952292972703738,-0.028725283554668177,0.05913591102680787,-0.00898975887336032,-0.0003816964416440468,0.0007818383117022716,0.02231726912325923,"ERNEST, HEMINGWAY",THE SUN ALSO RISES,THE SUN ALSO RISES
67138,14,-0.3107528834481509,0.5181062081056147,0.16426775662575083,0.0025827491479424314,-0.021845180911209794,0.018931295461047146,-0.07456429423826816,0.014155532682583464,0.03520627744124053,0.10397003620957375,"ERNEST, HEMINGWAY",THE SUN ALSO RISES,THE SUN ALSO RISES
67138,15,-0.2740704136635456,0.7954346147039657,0.2398475289149153,0.04171451091271805,-0.018534229734036817,-0.019266371317274093,0.07101349105766872,-0.05530337080603376,0.0010137887008192584,0.02045197587160578,"ERNEST, HEMINGWAY",THE SUN ALSO RISES,THE SUN ALSO RISES
67138,16,-0.3824720639941934,0.6355517511450264,0.11732298266577326,-0.05479135232486365,-0.13593054295892176,0.05593632816270561,0.03538235885110157,0.001441485520457515,-0.044737449619310185,0.09781524611988257,"ERNEST, HEMINGWAY",THE SUN ALSO RISES,THE SUN ALSO RISES
67138,17,-0.32089854817396934,0.7734032458887303,0.15738433168331767,0.09383159639447605,-0.02732035986361106,-0.013831246243750836,-0.02518798467869291,0.027292679391147826,-0.037160134244329616,0.03524343783472255,"ERNEST, HEMINGWAY",THE SUN ALSO RISES,THE SUN ALSO RISES
67138,18,-0.17822301874760066,0.8462248823879065,0.37555622456652477,0.1316177719425712,0.12874102894379963,-0.009139345995070706,0.0039036438272188542,0.013202131428090954,-0.021299953633037137,-0.043940722622329065,"ERNEST, HEMINGWAY",THE SUN ALSO RISES,THE SUN ALSO RISES
67138,19,-0.400693569961375,0.2554091164276086,-0.23947134315621996,-0.2689553066395559,-0.3569844210133919,0.08293077015462648,-0.014563785358323618,0.07279562877004114,-0.09785414366758838,-0.146476530613883,"ERNEST, HEMINGWAY",THE SUN ALSO RISES,THE SUN ALSO RISES
69683,1,-0.16874085395543342,0.834129179723957,0.3781108787196457,0.12984724642828727,0.15281738701578282,-0.024110723724814723,0.004751858082914499,0.00041592006759575903,-0.014713135988074144,-0.04766351620854401,"ERNEST, HEMINGWAY",MEN WITHOUT WOMEN,MEN WITHOUT WOMEN
69683,2,-0.22703947826697696,0.07752535456346522,-0.06673585051512719,-0.03319601571897424,0.06837305306054288,-0.02279225016667986,-0.2059662301059974,0.012391970096017467,0.107691025756849,-0.0504494897328895,"ERNEST, HEMINGWAY",MEN WITHOUT WOMEN,MEN WITHOUT WOMEN
69683,3,-0.26883198112322493,0.09152652424817809,-0.10970169461434778,-0.15347818710742148,-0.22577079885865564,0.14991882124676092,0.05916192021177168,0.14387033822481657,-0.05844964616808188,0.14362389865055727,"ERNEST, HEMINGWAY",MEN WITHOUT WOMEN,MEN WITHOUT WOMEN
69683,4,-0.328913569204246,0.13131454030241269,-0.18447159660060716,-0.17548859466655772,-0.21372056444440415,0.11939618557068982,-0.169587964300518,0.02551839660840871,0.04809587210148954,0.08725889212319322,"ERNEST, HEMINGWAY",MEN WITHOUT WOMEN,MEN WITHOUT WOMEN
69683,5,-0.2904357958232817,0.06937220257967343,-0.12073067626568243,-0.1186929062828283,-0.15326121241328922,0.017093513477551177,-0.005747526122477342,0.0507476337611228,0.19948334518930486,0.08425924229043799,"ERNEST, HEMINGWAY",MEN WITHOUT WOMEN,MEN WITHOUT WOMEN
69683,6,-0.23205342817201668,0.07972534369684882,-0.1024039353553371,-0.29628680168560884,-0.1201693445829258,-0.01792822237102598,-0.12758549750057757,0.012546358451232552,-0.030557184783959836,-0.21622477918324595,"ERNEST, HEMINGWAY",MEN WITHOUT WOMEN,MEN WITHOUT WOMEN
69683,7,-0.4046917708566725,0.26279413710304295,-0.27232452448698785,-0.02786110863769966,-0.2711155923343832,0.07082309179436523,-0.09601098472887812,0.06208110953781607,-0.1073104410827847,-9.699602527571925e-05,"ERNEST, HEMINGWAY",MEN WITHOUT WOMEN,MEN WITHOUT WOMEN
69683,8,-0.23051516334050276,0.0398894944133852,-0.049166140307405,-0.13700689919468378,0.024393526832507263,-0.009036377494109092,-0.0356311911058496,-0.10752983585106274,0.12690850992550767,0.11497362100731362,"ERNEST, HEMINGWAY",MEN WITHOUT WOMEN,MEN WITHOUT WOMEN
69683,9,-0.2897231092861203,0.057337419456851,-0.06414659984162613,-0.20285453199692763,0.05547723762444385,0.2212167632428752,-0.0062782156298445,-0.042769610557786844,0.09037382382277342,0.21303903799814025,"ERNEST, HEMINGWAY",MEN WITHOUT WOMEN,MEN WITHOUT WOMEN
69683,10,-0.25515814537591786,0.05080962264298096,-0.08939422709669288,-0.1963694472501011,-0.11040699303919552,0.15313774649122835,-0.10492626683390158,0.11895834260895544,0.15123691707868123,-0.15231086298736035,"ERNEST, HEMINGWAY",MEN WITHOUT WOMEN,MEN WITHOUT WOMEN
69683,11,-0.28142269619690236,0.12154000967248889,-0.10636630447157128,-0.27826904212783843,-0.10875459221166996,0.1347369060773147,-0.018857417044812197,-0.08708961058658578,0.07482409403880284,0.19705178787054783,"ERNEST, HEMINGWAY",MEN WITHOUT WOMEN,MEN WITHOUT WOMEN
69683,12,-0.21022188664919889,0.1205916231944709,-0.05627604239287091,-0.04697190911382738,-0.21684028647365527,0.011551318059081007,0.0077951712166722305,-0.04688359163088969,-0.0018067727565017878,0.11216329695841736,"ERNEST, HEMINGWAY",MEN WITHOUT WOMEN,MEN WITHOUT WOMEN
69683,13,-0.20218465598176688,0.3707251385627182,0.20030025552081,0.0695936406226796,0.1688009707786216,0.03523856803488417,-0.013595457302270242,-0.05126555152086572,0.017815220896168767,-0.06306982301666605,"ERNEST, HEMINGWAY",MEN WITHOUT WOMEN,MEN WITHOUT WOMEN
69683,14,-0.2953297501807497,0.08001578640224251,-0.05283392679218002,-0.09313188349636078,-0.01033763820276779,0.2745377325648973,0.06918377091768413,-0.03989701577735043,-0.03902096794295659,0.06372736498906759,"ERNEST, HEMINGWAY",MEN WITHOUT WOMEN,MEN WITHOUT WOMEN
